,r/news
0,
1,Discuss 30 Plus Skin Care with the Community!
2,"Dog days of Florida come to an end, with total demise of U.S. greyhound racing within sight"
3,Rome street covered in dead birds after New Year fireworks
4,Man threatens to 'shoot up' church after asked to wear mask
5,The U.S. reaches 20 million cases.
6,"In a first, Congress overrides Trump veto of defense bill"
7,UK abolishes 'sexist' tax on women's sanitary products
8,Portland police declare a riot as New Year's Eve protest gets out of control
9,Fake teen doctor arrested for fraud again in Palm Beach County
10,"Revered doctor steps down, accusing Seattle Children’s Hospital of racism"
11,"Shooting at Mississippi birthday party, which hosted nearly 200 guests, leaves 1 dead, 1 in critical condition"
12,Thousands of cannabis cases expunged due to legalization
13,"Joe Neal, Nevada's first Black state senator, dies at 85"
14,Adobe Flash Player is finally laid to rest
15,"Covid-19 News: Philippines Bars Travelers From U.S. After Third State, Florida, Finds the U.K. Variant"
16,Mine found on tanker hull off the coast of Iraq
17,Renowned Chinese pianist Fou Ts'ong dies of Covid-19
18,Facebook's advertising integrity chief leaves company
19,New Virginia law capping insulin prices at $50 a month goes into effect Friday
20,"Danny Masterson harassment suit must go through Scientology mediation, judge rules"
21,California congressman David Valadao tests positive for COVID-19
22,Wall Street to kick out three Chinese telecom firms
23,Murder warrants issued against 2 people in death of Calgary police officer by hit and run
24,Wisconsin hospital worker arrested for spoiled vaccine doses
25,New coronavirus variant may have been in US since October
26,Iran accuses British company of helping to assassinate Soleimani
27,Delay sought in ex-officers' trial over George Floyd's death
28,Discuss Female Hair Advice the Community!
29,Norway landslide: Swedes join search for 10 missing in Ask ravine
30,First Minneapolis police death since George Floyd captured on bodycam
31,SpaceX wins $150 million contract to launch Space Development Agency satellites
32,Sen. David Perdue in quarantine after close contact with positive case
33,"Sex offender, 38, 'spent hours glued to child porn on AT&T store iPad' until horrified workers called police"
34,Dublin: Man dies after being shot by police
35,"Iranian conservative cleric dies, according to state-run media"
36,"Driver of truck that killed 5 bicyclists on Nevada highway had high level of meth in his system, prosecutors say"
37,Highly contagious Covid variant found in Southern California
38,FDA announces recall for pet food after at least 28 dogs die
39,Dozens killed in eastern DR Congo attack blamed on ADF
40,"Air Force: Black people more often investigated, punished"
41,First case of COVID-19 variant in Florida found in Martin County
42,South Sudan floods displace a million as hunger and diseases loom
43,ISIL claims deadly Chechnya knife attack
44,California philanthropist charged with murder in hit-and-run crash that killed 2 young brothers
45,Israeli Ambassador to Hungary praises Viktor Orban's government
46,Number of Colorado In-N-Out employees with COVID grows to 122
47,"1 killed, 4 hurt in shooting at Sioux City New Year's party"
48,20.1 million confirmed cases in US.
49,"Exclusive: Drugmakers to hike prices for 2021 as pandemic, political pressure put revenues at risk"
50,"Florida man charged in damage to church, businesses during Portland riot"
51,Colorado governor asks state health department to move all counties in 'Red' to 'Orange' to help businesses
52,
53,
54,
55,
56,
57,
58,
59,
60,
61,
62,
63,
64,
65,
66,
67,
68,
69,
70,
71,
72,
73,
74,
75,
76,
77,
78,
79,
80,
81,
82,
83,
84,
85,Discuss Female Hair Advice the Community!
86,Norway landslide: Swedes join search for 10 missing in Ask ravine
87,First Minneapolis police death since George Floyd captured on bodycam
88,SpaceX wins $150 million contract to launch Space Development Agency satellites
89,Sen. David Perdue in quarantine after close contact with positive case
90,"Sex offender, 38, 'spent hours glued to child porn on AT&T store iPad' until horrified workers called police"
91,Dublin: Man dies after being shot by police
92,"Iranian conservative cleric dies, according to state-run media"
93,"Driver of truck that killed 5 bicyclists on Nevada highway had high level of meth in his system, prosecutors say"
94,Highly contagious Covid variant found in Southern California
95,FDA announces recall for pet food after at least 28 dogs die
96,Dozens killed in eastern DR Congo attack blamed on ADF
97,"Air Force: Black people more often investigated, punished"
98,First case of COVID-19 variant in Florida found in Martin County
99,South Sudan floods displace a million as hunger and diseases loom
100,ISIL claims deadly Chechnya knife attack
101,California philanthropist charged with murder in hit-and-run crash that killed 2 young brothers
102,Israeli Ambassador to Hungary praises Viktor Orban's government
103,Number of Colorado In-N-Out employees with COVID grows to 122
104,"1 killed, 4 hurt in shooting at Sioux City New Year's party"
105,20.1 million confirmed cases in US.
106,"Exclusive: Drugmakers to hike prices for 2021 as pandemic, political pressure put revenues at risk"
107,"Florida man charged in damage to church, businesses during Portland riot"
108,Colorado governor asks state health department to move all counties in 'Red' to 'Orange' to help businesses
109,"Dr. Drew Pinsky coronavirus: Pinsky, who apologized for downplaying the virus, says he has Covid-19"
110,Discuss 30 Plus Skin Care with the Community!
111,"Chicago suburb police Sgt. Javier Esqueda indicted for accessing dashcam video of controversial arrest of Eric Lurry, who died in custody"
112,Chief: Police didn't show care for Andre Hill after shooting
113,Indonesian fisher finds drone submarine on possible covert mission
114,Australia changes National Anthem wording to reflect Indigenous history
115,DoorDash adds Cleveland fee after city caps delivery fees
116,Federal appeals court strikes down conversion therapy bans
117,Restaurant owners applaud Governor's decision moving Red counties to Orange on COVID dial
118,Microsoft says hackers viewed its source code
119,Locked down Berliners spark blazes with home fireworks
120,"Putin targets U.S. social media, secret agent leaks and protests with new laws"
121,"Official: Trooper under investigation dies, apparent suicide"
122,No charges for police in death of 'boogaloo' movement martyr
123,Trump was briefed that China sought to pay non-state actors to attack US forces in Afghanistan
124,UK has finally cut ties with the EU as the Brexit transition period ends
125,British PM Johnson's father applying for French citizenship
126,FDA: Lowcountry distilleries owe $14K fee for producing hand sanitizer
127,"'Always afraid': Iran's largest minority caught in a new wave of home raids, land seizures and arrests"
128,"An Olympic Dream Is Reborn, Despite Fears of Brain Trauma"
129,COVID-19 brought emissions way down in 2020
130,145 employees infected in COVID outbreak at Yakima Co. Costco store
131,Federal checks salvage otherwise dreadful 2020 for US farms
132,"Black man wrongfully detained by maskless police officer tests positive for COVID-19, fiancee says"
133,"Crowds throng Wuhan, where coronavirus pandemic began, to celebrate New Year"
134,Florida COVID-19 'whistleblower' named 'Technology Person of the Year' by Forbes
135,
136,
137,
138,
139,
140,
141,
142,
143,
144,
145,
146,
147,
148,
149,
150,
151,
152,
153,
154,
155,
156,
157,
158,
159,
160,
161,
162,
163,
164,
165,
166,
167,
168,
169,
170,
171,
172,
173,
174,
175,
176,
177,
178,
179,
180,
181,
182,
183,
184,
185,
186,
187,
188,
189,
190,
191,
192,
193,Discuss 30 Plus Skin Care with the Community!
194,"Chicago suburb police Sgt. Javier Esqueda indicted for accessing dashcam video of controversial arrest of Eric Lurry, who died in custody"
195,Chief: Police didn't show care for Andre Hill after shooting
196,Indonesian fisher finds drone submarine on possible covert mission
197,Australia changes National Anthem wording to reflect Indigenous history
198,DoorDash adds Cleveland fee after city caps delivery fees
199,Federal appeals court strikes down conversion therapy bans
200,Restaurant owners applaud Governor's decision moving Red counties to Orange on COVID dial
201,Microsoft says hackers viewed its source code
202,Locked down Berliners spark blazes with home fireworks
203,"Putin targets U.S. social media, secret agent leaks and protests with new laws"
204,"Official: Trooper under investigation dies, apparent suicide"
205,No charges for police in death of 'boogaloo' movement martyr
206,Trump was briefed that China sought to pay non-state actors to attack US forces in Afghanistan
207,UK has finally cut ties with the EU as the Brexit transition period ends
208,British PM Johnson's father applying for French citizenship
209,FDA: Lowcountry distilleries owe $14K fee for producing hand sanitizer
210,"'Always afraid': Iran's largest minority caught in a new wave of home raids, land seizures and arrests"
211,"An Olympic Dream Is Reborn, Despite Fears of Brain Trauma"
212,COVID-19 brought emissions way down in 2020
213,145 employees infected in COVID outbreak at Yakima Co. Costco store
214,Federal checks salvage otherwise dreadful 2020 for US farms
215,"Black man wrongfully detained by maskless police officer tests positive for COVID-19, fiancee says"
216,"Crowds throng Wuhan, where coronavirus pandemic began, to celebrate New Year"
217,Florida COVID-19 'whistleblower' named 'Technology Person of the Year' by Forbes
218,Sale of Arctic Refuge Oil and Gas Leases Is Set for Early January
219,Meet others who love Raw Denim
220,FALSE IMPRISONMENT LAWSUIT: Boca Raton HOA Deactivated Key Fobs Of COVID Positive Homeowners
221,Ticketmaster pleads guilty to illegally gaining access to competitor's accounts
222,Dozens of residents die at Belgian care home after Santa visit
223,Special Forces soldier charged after 3 killed in shooting at Illinois bowling alley
224,"Yuan retreats as state banks buy dollars, but set for first annual rise in 3 years"
225,Texas AG sues city of Austin over Covid-19 dining restrictions for New Year's weekend
226,Donations coming in to rebuild Missouri mosque that burned
227,Rod Phillips resigns as Ontario finance minister following secret pandemic getaway
228,"Virginia has eliminated its rape kit backlog, state attorney general says"
229,Minneapolis Police Fatally Shoot Man During Traffic Stop
230,Magnitude 3.6 earthquake jolts San Francisco Bay Area
231,Gov. Baker signs revised Mass. police reform bill
232,"Samuel Little, serial killer behind 93 murders, has died at 80"
233,Interview with partner of officer who shot Andre Hill reveals new details
234,NBA to require players to wear contact sensors
235,Caribbean volcanoes rumble to life as scientists study activity not seen in years
236,Oxygen supply issues forced five Los Angeles-area hospitals to declare an 'internal disaster'
237,"Dawn Wells, Mary Ann on 'Gilligan's Island,' dies of Covid-19 complications at 82"
238,Inmate who survived execution attempt dies; COVID suspected
239,Hunter charged with homicide in death of Pennsylvania teen shot while watching sunset
240,New York unveils new $1.6 billion train hall at Penn Station
241,"Oregon businesses break public health orders with backing from armed volunteers, mayors"
242,Hospital CEO's response to Black doctor's COVID-19 death prompts backlash
243,Target recalls infant and toddler clothes because of a possible choking hazard
244,
245,
246,
247,
248,
249,
250,
251,
252,
253,
254,
255,
256,
257,
258,
259,
260,
261,
262,
263,
264,
265,
266,
267,
268,
269,
270,
271,
272,
273,
274,
275,
276,
277,
278,
279,
280,
281,
282,
283,
284,
285,
286,
287,
288,
289,
290,
291,
292,
293,
294,
295,
296,
297,
298,
299,
300,
301,
302,
303,
304,
305,
306,
307,
308,
309,
310,
311,
312,
313,
314,
315,
316,
317,
318,
319,
320,
321,
322,
323,
324,
325,
326,
327,
328,Meet others who love Raw Denim
329,FALSE IMPRISONMENT LAWSUIT: Boca Raton HOA Deactivated Key Fobs Of COVID Positive Homeowners
330,Ticketmaster pleads guilty to illegally gaining access to competitor's accounts
331,Dozens of residents die at Belgian care home after Santa visit
332,Special Forces soldier charged after 3 killed in shooting at Illinois bowling alley
333,"Yuan retreats as state banks buy dollars, but set for first annual rise in 3 years"
334,Texas AG sues city of Austin over Covid-19 dining restrictions for New Year's weekend
335,Donations coming in to rebuild Missouri mosque that burned
336,Rod Phillips resigns as Ontario finance minister following secret pandemic getaway
337,"Virginia has eliminated its rape kit backlog, state attorney general says"
338,Minneapolis Police Fatally Shoot Man During Traffic Stop
339,Magnitude 3.6 earthquake jolts San Francisco Bay Area
340,Gov. Baker signs revised Mass. police reform bill
341,"Samuel Little, serial killer behind 93 murders, has died at 80"
342,Interview with partner of officer who shot Andre Hill reveals new details
343,NBA to require players to wear contact sensors
344,Caribbean volcanoes rumble to life as scientists study activity not seen in years
345,Oxygen supply issues forced five Los Angeles-area hospitals to declare an 'internal disaster'
346,"Dawn Wells, Mary Ann on 'Gilligan's Island,' dies of Covid-19 complications at 82"
347,Inmate who survived execution attempt dies; COVID suspected
348,Hunter charged with homicide in death of Pennsylvania teen shot while watching sunset
349,New York unveils new $1.6 billion train hall at Penn Station
350,"Oregon businesses break public health orders with backing from armed volunteers, mayors"
351,Hospital CEO's response to Black doctor's COVID-19 death prompts backlash
352,Target recalls infant and toddler clothes because of a possible choking hazard
353,"Apple removes 39,000 game apps from China store to meet deadline"
354,Japan gave key intel on China's Uighur crackdown to U.S. and Britain
355,Meet others who love Foraging
356,TikTok faces potential legal challenge from 12-year-old girl
357,Ethiopian migrant who became symbol of integration in Italy killed on her goat farm
358,King’s Hawaiian sued for not actually making its sweet rolls in Hawaii
359,Police charge man with human trafficking after 16 year old girl dies of apparent OD
360,Same-sex parents can be listed on Indiana birth certificates as petition to appeal fails
361,"US imposes new tariffs on French, German products in Airbus-Boeing spat"
362,"Some 500 Coronavirus Vaccine Doses Intentionally Destroyed, Hospital Says"
363,Alligators Are Now the Largest Species Known to Regrow Severed Limbs
364,Canada to require all arriving air passengers to show negative COVID-19 test
365,Kerala: Church defends move to include rape-accused Bishop Franco Mulakkal’s photo in calendar
366,"California reaches 25,000 coronavirus deaths during deadliest month yet"
367,Increased testing needed as Africa sees rise in virus cases
368,Remains of ice age woolly rhinoceros found in melting Siberian permafrost
369,Dozens killed in ambush on bus in Deir Az Zor
370,"Michigan teen fatally shot himself during game of Russian roulette, police say"
371,US approves sale of $290m in bombs to Saudi Arabia
372,Olive Garden Is Being Charged With Racial And Gender Discrimination By Several NYC Employees
373,California Announces First Confirmed Case of New Covid-19 Strain
374,Warner's girlfriend warned police he was building a bomb in his RV last year
375,Louisiana congressman Luke Letlow dead from COVID-19
376,Hong Kong Protesters Who Fled by Boat Are Sentenced to Prison in China
377,Census Bureau plans to announce it will miss year-end deadline for numbers used for divvying up congressional seats.
378,"Landslide hits residential area in Norway, 10 hurt, 21 unaccounted for"
379,
380,
381,
382,
383,
384,
385,
386,
387,
388,
389,
390,
391,
392,
393,
394,
395,
396,
397,
398,
399,
400,
401,
402,
403,
404,
405,
406,
407,
408,
409,
410,
411,
412,
413,
414,
415,
416,
417,
418,
419,
420,
421,
422,
423,
424,
425,
426,
427,
428,
429,
430,
431,
432,
433,
434,
435,
436,
437,
438,
439,
440,
441,
442,
443,
444,
445,
446,
447,
448,
449,
450,
451,
452,
453,
454,
455,
456,
457,
458,
459,
460,
461,
462,
463,
464,
465,
466,
467,
468,
469,
470,
471,
472,
473,
474,
475,
476,
477,
478,
479,
480,
481,
482,
483,
484,
485,
486,
487,
488,
489,Japan gave key intel on China's Uighur crackdown to U.S. and Britain
490,Meet others who love Foraging
491,TikTok faces potential legal challenge from 12-year-old girl
492,Ethiopian migrant who became symbol of integration in Italy killed on her goat farm
493,King’s Hawaiian sued for not actually making its sweet rolls in Hawaii
494,Police charge man with human trafficking after 16 year old girl dies of apparent OD
495,Same-sex parents can be listed on Indiana birth certificates as petition to appeal fails
496,"US imposes new tariffs on French, German products in Airbus-Boeing spat"
497,"Some 500 Coronavirus Vaccine Doses Intentionally Destroyed, Hospital Says"
498,Alligators Are Now the Largest Species Known to Regrow Severed Limbs
499,Canada to require all arriving air passengers to show negative COVID-19 test
500,Kerala: Church defends move to include rape-accused Bishop Franco Mulakkal’s photo in calendar
501,"California reaches 25,000 coronavirus deaths during deadliest month yet"
502,Increased testing needed as Africa sees rise in virus cases
503,Remains of ice age woolly rhinoceros found in melting Siberian permafrost
504,Dozens killed in ambush on bus in Deir Az Zor
505,"Michigan teen fatally shot himself during game of Russian roulette, police say"
506,US approves sale of $290m in bombs to Saudi Arabia
507,Olive Garden Is Being Charged With Racial And Gender Discrimination By Several NYC Employees
508,California Announces First Confirmed Case of New Covid-19 Strain
509,Warner's girlfriend warned police he was building a bomb in his RV last year
510,Louisiana congressman Luke Letlow dead from COVID-19
511,Hong Kong Protesters Who Fled by Boat Are Sentenced to Prison in China
512,Census Bureau plans to announce it will miss year-end deadline for numbers used for divvying up congressional seats.
513,"Landslide hits residential area in Norway, 10 hurt, 21 unaccounted for"
514,U.S. screens 1.28 million people at U.S. airports
515,☄️ May the Bitcoin Force be with you. Earn 7.2% APY on the growing coin with CoinLoan Interest Account. This is the way.
516,Apple loses copyright claims in lawsuit against U.S. security bug startup
517,"Vaccinated US nurse contracts COVID-19, expert says Pfizer shot needed more time to work - ABC"
518,Syria attack: At least 28 killed in ambush on bus
519,"Mob attacks, sets ablaze Hindu temple in northwestern Pakistan"
520,Apple and TikTok remove app used to arrange parties during Covid
521,City of Edmonton sues former employees accused of stealing $1.6M in false invoicing scheme
522,Meet others who love Raw Denim
523,Doctor identifies case of coronavirus-related psychosis in patient
524,These 20 states will raise their minimum wage by January 1
525,Casey Anthony files paperwork to open Private Investigation firm in Florida.
526,Joshua Jaynes: Second Louisville police officer involved in Breonna Taylor investigation will be fired
527,"1st Chinese American lawyer gets Columbia Law honor, highlights past barriers"
528,U.S. gasoline prices reach 9-month high as refiners cut more output
529,Alaska Airlines to stop allowing emotional support animals on flights
530,Teen pilots airlift pets from crowding New Mexico shelters
531,"Flights Resume at DFW, Love Field Airports After FAA Ground Stop, Delays Expected"
532,Dialysis clinics to administer Covid-19 antibody drugs
533,China clamps down in hidden hunt for coronavirus origins
534,"Cuban migrants protest at Mexico border, seeking entry to U.S."
535,U.S. judge orders two Georgia counties to halt voter purge ahead of Senate runoff
536,More than 73% of American adults are overweight or obese
537,"Yemen deputy chief of Aden health office: Explosion at city's airport as government plane landed killed 16, wounded 60"
538,"New US dietary guidelines: No candy, cake for kids under 2"
539,"Hawaii heiress Abigail Kawananankoa got $142,000 federal bailout loan"
540,Officials worry large NYE event in Vegas will spread virus
541,
542,
543,
544,
545,
546,
547,
548,
549,
550,
551,
552,
553,
554,
555,
556,
557,
558,
559,
560,
561,
562,
563,
564,
565,
566,
567,
568,
569,
570,
571,
572,
573,
574,
575,
576,
577,
578,
579,
580,
581,
582,
583,
584,
585,
586,
587,
588,
589,
590,
591,
592,
593,
594,
595,
596,
597,
598,
599,
600,
601,
602,
603,
604,
605,
606,
607,
608,
609,
610,
611,
612,
613,
614,
615,
616,
617,
618,
619,
620,
621,
622,
623,
624,
625,
626,
627,
628,
629,
630,
631,
632,
633,
634,
635,
636,
637,
638,
639,
640,
641,
642,
643,
644,
645,
646,
647,
648,
649,
650,
651,
652,
653,
654,
655,
656,
657,
658,
659,
660,
661,
662,
663,
664,
665,
666,
667,
668,
669,
670,
671,
672,
673,
674,
675,
676,
677,
678,Apple loses copyright claims in lawsuit against U.S. security bug startup
679,"Vaccinated US nurse contracts COVID-19, expert says Pfizer shot needed more time to work - ABC"
680,Syria attack: At least 28 killed in ambush on bus
681,"Mob attacks, sets ablaze Hindu temple in northwestern Pakistan"
682,Apple and TikTok remove app used to arrange parties during Covid
683,City of Edmonton sues former employees accused of stealing $1.6M in false invoicing scheme
684,Meet others who love Raw Denim
685,Doctor identifies case of coronavirus-related psychosis in patient
686,These 20 states will raise their minimum wage by January 1
687,Casey Anthony files paperwork to open Private Investigation firm in Florida.
688,Joshua Jaynes: Second Louisville police officer involved in Breonna Taylor investigation will be fired
689,"1st Chinese American lawyer gets Columbia Law honor, highlights past barriers"
690,U.S. gasoline prices reach 9-month high as refiners cut more output
691,Alaska Airlines to stop allowing emotional support animals on flights
692,Teen pilots airlift pets from crowding New Mexico shelters
693,"Flights Resume at DFW, Love Field Airports After FAA Ground Stop, Delays Expected"
694,Dialysis clinics to administer Covid-19 antibody drugs
695,China clamps down in hidden hunt for coronavirus origins
696,"Cuban migrants protest at Mexico border, seeking entry to U.S."
697,U.S. judge orders two Georgia counties to halt voter purge ahead of Senate runoff
698,More than 73% of American adults are overweight or obese
699,"Yemen deputy chief of Aden health office: Explosion at city's airport as government plane landed killed 16, wounded 60"
700,"New US dietary guidelines: No candy, cake for kids under 2"
701,"Hawaii heiress Abigail Kawananankoa got $142,000 federal bailout loan"
702,Officials worry large NYE event in Vegas will spread virus
703,Sheriff: 4 dead in Houston domestic violence shooting
704,Meet others who love Cake Decorating
705,Amazon to acquire Wondery in podcast push
706,Jonathan Pollard: Israel spy greeted by Netanyahu after flying to Tel Aviv
707,"With Over 275,000 Infections and 1,700 Deaths, COVID-19 Has Devastated the U.S. Prison and Jail Population"
708,"$600 stimulus payments will start going out tonight, Treasury Secretary Mnuchin says"
709,"Overwhelmed hospitals rush to hire travel nurses: ""We're getting hit pretty hard"""
710,Albuquerque megachurches fined $5K for violating public health orders
711,Church receives backlash from the community after hosting large unmasked service
712,Video shows park ranger tasering Native American man in New Mexico
713,N.J. principal Joe Clark who inspired film 'Lean on Me' dies at 82
714,Wisconsin prosecutors add curfew charge against Rittenhouse
715,"Sinopharm's Covid-19 vaccine 79% effective, seeks approval in China"
716,U.S. will not file charges against Cleveland police over Tamir Rice shooting
717,"Video of Vacaville Officer Punching K-9 Sparks Questions, Concerns"
718,Tropical storm Chalane lands in Mozambique
719,Stapleford stabbing: Murder inquiry after 16-year-old boy dies
720,"New Yorkers meet in Times Square to say 'Good Riddance' to COVID-19, Zoom calls"
721,900 rotisserie chicken meals donated to homeless people in Montreal
722,Child labor in palm oil industry tied to Girl Scout cookies
723,"Former U.S. Rep. Katie Hill sues ex, media over nude photos"
724,Mink infected with the coronavirus escapes Oregon fur farm
725,Puyallup 'team mom' gets 10-year sentence for sex with 11-year-old boy
726,"Bomb threat in Leavenworth, public asked to avoid area"
727,Man accused of attacking 2 journalists at protests outside Oregon Capitol turns himself in
728,Omni Hotels Accepted Millions In PPP Funds But Didn't Pay Workers
729,
730,
731,
732,
733,
734,
735,
736,
737,
738,
739,
740,
741,
742,
743,
744,
745,
746,
747,
748,
749,
750,
751,
752,
753,
754,
755,
756,
757,
758,
759,
760,
761,
762,
763,
764,
765,
766,
767,
768,
769,
770,
771,
772,
773,
774,
775,
776,
777,
778,
779,
780,
781,
782,
783,
784,
785,
786,
787,
788,
789,
790,
791,
792,
793,
794,
795,
796,
797,
798,
799,
800,
801,
802,
803,
804,
805,
806,
807,
808,
809,
810,
811,
812,
813,
814,
815,
816,
817,
818,
819,
820,
821,
822,
823,
824,
825,
826,
827,
828,
829,
830,
831,
832,
833,
834,
835,
836,
837,
838,
839,
840,
841,
842,
843,
844,
845,
846,
847,
848,
849,
850,
851,
852,
853,
854,
855,
856,
857,
858,
859,
860,
861,
862,
863,
864,
865,
866,
867,
868,
869,
870,
871,
872,
873,
874,
875,
876,
877,
878,
879,
880,
881,
882,
883,
884,
885,
886,
887,
888,
889,
890,
891,
892,Meet others who love Cake Decorating
893,Amazon to acquire Wondery in podcast push
894,Jonathan Pollard: Israel spy greeted by Netanyahu after flying to Tel Aviv
895,"With Over 275,000 Infections and 1,700 Deaths, COVID-19 Has Devastated the U.S. Prison and Jail Population"
896,"$600 stimulus payments will start going out tonight, Treasury Secretary Mnuchin says"
897,"Overwhelmed hospitals rush to hire travel nurses: ""We're getting hit pretty hard"""
898,Albuquerque megachurches fined $5K for violating public health orders
899,Church receives backlash from the community after hosting large unmasked service
900,Video shows park ranger tasering Native American man in New Mexico
901,N.J. principal Joe Clark who inspired film 'Lean on Me' dies at 82
902,Wisconsin prosecutors add curfew charge against Rittenhouse
903,"Sinopharm's Covid-19 vaccine 79% effective, seeks approval in China"
904,U.S. will not file charges against Cleveland police over Tamir Rice shooting
905,"Video of Vacaville Officer Punching K-9 Sparks Questions, Concerns"
906,Tropical storm Chalane lands in Mozambique
907,Stapleford stabbing: Murder inquiry after 16-year-old boy dies
908,"New Yorkers meet in Times Square to say 'Good Riddance' to COVID-19, Zoom calls"
909,900 rotisserie chicken meals donated to homeless people in Montreal
910,Child labor in palm oil industry tied to Girl Scout cookies
911,"Former U.S. Rep. Katie Hill sues ex, media over nude photos"
912,Mink infected with the coronavirus escapes Oregon fur farm
913,Puyallup 'team mom' gets 10-year sentence for sex with 11-year-old boy
914,"Bomb threat in Leavenworth, public asked to avoid area"
915,Man accused of attacking 2 journalists at protests outside Oregon Capitol turns himself in
916,Omni Hotels Accepted Millions In PPP Funds But Didn't Pay Workers
917,"Apple, Amazon, Tesla supplier accused of using Chinese forced labor; Apple rejects claim"
918,Discuss 30 Plus Skin Care with the Community!
919,China to bring in law against food waste with fines for promoting overeating
920,"Utah hiker slips, falls more than 100 feet — and survives"
921,"Some overflowing LA hospitals resort to putting patients in gift shops, conference rooms"
922,"Girl, 7, dies days after being struck by stray bullet while Christmas shopping in Atlanta"
923,Record shows US sold ambassador's home in Israel for $67M
924,French designer Pierre Cardin dies aged 98
925,Britain Authorizes Covid Vaccine From Oxford and AstraZeneca
926,"China Covid-19: Nearly 500,000 in Wuhan may have had virus, says study"
927,Small mom-and-pop businesses that took PPP loans may face a surprise tax bomb
928,Strong 6.3 magnitude earthquake hits central Croatia
929,Brexit deal mentions Netscape browser and Mozilla Mail
930,Mormon church sued for alleged role in Boy Scouts sex abuse
931,"NJ Boy, 3, Hospitalized After Eating Marijuana Edibles Left Out by Mom and Friend"
932,Hindu-American community donates over 1.3 lakh kg food to needy during Diwali
933,Federal Railroad Administration announces landmark achievement with full implementation of Positive Train Control
934,New York Bans Most Evictions as Tenants Struggle to Pay Rent
935,Thousands of residents without heat after attack on gas service
936,"L.A. Coronavirus Update: County Surpasses 7,000 Covid-19 Hospitalizations For First Time"
937,Netflix Executive Producer Lin Qi Is Dead At 39 After Alleged Poisoning By Rival
938,Bell stolen by Nazis to be returned to Poland
939,Coronavirus-Stricken Utah Man Who Played Violin While Intubated for ICU Staff Is Back Home After Recovery
940,Plymouth Police K9 shot and killed by handler following alleged attack
941,Fire truck in Georgia catches on fire
942,Russia admits to world's third-worst Covid-19 death toll | World news
943,
944,
945,
946,
947,
948,
949,
950,
951,
952,
953,
954,
955,
956,
957,
958,
959,
960,
961,
962,
963,
964,
965,
966,
967,
968,
969,
970,
971,
972,
973,
974,
975,
976,
977,
978,
979,
980,
981,
982,
983,
984,
985,
986,
987,
988,
989,
990,
991,
992,
993,
994,
995,
996,
997,
998,
999,
1000,
1001,
1002,
1003,
1004,
1005,
1006,
1007,
1008,
1009,
1010,
1011,
1012,
1013,
1014,
1015,
1016,
1017,
1018,
1019,
1020,
1021,
1022,
1023,
1024,
1025,
1026,
1027,
1028,
1029,
1030,
1031,
1032,
1033,
1034,
1035,
1036,
1037,
1038,
1039,
1040,
1041,
1042,
1043,
1044,
1045,
1046,
1047,
1048,
1049,
1050,
1051,
1052,
1053,
1054,
1055,
1056,
1057,
1058,
1059,
1060,
1061,
1062,
1063,
1064,
1065,
1066,
1067,
1068,
1069,
1070,
1071,
1072,
1073,
1074,
1075,
1076,
1077,
1078,
1079,
1080,
1081,
1082,
1083,
1084,
1085,
1086,
1087,
1088,
1089,
1090,
1091,
1092,
1093,
1094,
1095,
1096,
1097,
1098,
1099,
1100,
1101,
1102,
1103,
1104,
1105,
1106,
1107,
1108,
1109,
1110,
1111,
1112,
1113,
1114,
1115,
1116,
1117,
1118,
1119,
1120,
1121,
1122,
1123,
1124,
1125,
1126,
1127,
1128,
1129,
1130,
1131,
1132,Discuss 30 Plus Skin Care with the Community!
1133,China to bring in law against food waste with fines for promoting overeating
1134,"Utah hiker slips, falls more than 100 feet — and survives"
1135,"Some overflowing LA hospitals resort to putting patients in gift shops, conference rooms"
1136,"Girl, 7, dies days after being struck by stray bullet while Christmas shopping in Atlanta"
1137,Record shows US sold ambassador's home in Israel for $67M
1138,French designer Pierre Cardin dies aged 98
1139,Britain Authorizes Covid Vaccine From Oxford and AstraZeneca
1140,"China Covid-19: Nearly 500,000 in Wuhan may have had virus, says study"
1141,Small mom-and-pop businesses that took PPP loans may face a surprise tax bomb
1142,Strong 6.3 magnitude earthquake hits central Croatia
1143,Brexit deal mentions Netscape browser and Mozilla Mail
1144,Mormon church sued for alleged role in Boy Scouts sex abuse
1145,"NJ Boy, 3, Hospitalized After Eating Marijuana Edibles Left Out by Mom and Friend"
1146,Hindu-American community donates over 1.3 lakh kg food to needy during Diwali
1147,Federal Railroad Administration announces landmark achievement with full implementation of Positive Train Control
1148,New York Bans Most Evictions as Tenants Struggle to Pay Rent
1149,Thousands of residents without heat after attack on gas service
1150,"L.A. Coronavirus Update: County Surpasses 7,000 Covid-19 Hospitalizations For First Time"
1151,Netflix Executive Producer Lin Qi Is Dead At 39 After Alleged Poisoning By Rival
1152,Bell stolen by Nazis to be returned to Poland
1153,Coronavirus-Stricken Utah Man Who Played Violin While Intubated for ICU Staff Is Back Home After Recovery
1154,Plymouth Police K9 shot and killed by handler following alleged attack
1155,Fire truck in Georgia catches on fire
1156,Russia admits to world's third-worst Covid-19 death toll | World news
1157,Transgender woman's Christmas Day shooting death called possible hate crime by family and friends
1158,Stay-at-home order extended for Southern California
1159,Meet others who love Cake Decorating
1160,"Pataskala nurse gets coronavirus twice, hopes vaccine prevents third"
1161,Ghislaine Maxwell: Jeffrey Epstein's former girlfriend denied bail
1162,Japan developing wooden satellites to cut space junk.
1163,New rules to tackle ‘wild west’ of plastic waste dumped on poorer countries
1164,"Homeless advocate group occupies 16 rooms in Fife motel, refusing to pay"
1165,Police observed no threats from Andre Hill before shooting
1166,Statue of slave kneeling before Lincoln is removed in Boston
1167,Officials: Truck plunges off bridge into Chesapeake Bay
1168,‘People are terrified’: a coronavirus surge across California’s prisons renews calls for releases
1169,Family says 24-year-old Cave Junction man was beat to death by friends
1170,'Highly suspicious' fire at Black church in Massachusetts being investigated as arson
1171,Alexei Navalny: Russian officials bring new fraud charges
1172,New Trump administration rule allows natural gas transport by rail in dense areas
1173,Extremely concerning surge in UK Covid cases
1174,Australian man and child saved after friends walk 12 hours for help
1175,Fired Tyson boss says COVID office pool was a 'morale boost'
1176,"Wall St slips from record levels, additional stimulus uncertain"
1177,China sentences lawyer who reported on outbreak to 4 years
1178,Virginia deputy fired over 'disturbing' posts on social media site Parler
1179,Russia gives Kremlin critic Navalny an ultimatum: Return immediately or face jail
1180,Russia Admits to ‘World’s Largest’ Arctic Oil Spill
1181,Moderna COVID-19 vaccine causes swelling and inflammation in patients who have cosmetic facial fillers
1182,Special Report-UAE emerges as hub for companies helping Venezuela avoid U.S. oil sanctions
1183,
1184,
1185,
1186,
1187,
1188,
1189,
1190,
1191,
1192,
1193,
1194,
1195,
1196,
1197,
1198,
1199,
1200,
1201,
1202,
1203,
1204,
1205,
1206,
1207,
1208,
1209,
1210,
1211,
1212,
1213,
1214,
1215,
1216,
1217,
1218,
1219,
1220,
1221,
1222,
1223,
1224,
1225,
1226,
1227,
1228,
1229,
1230,
1231,
1232,
1233,
1234,
1235,
1236,
1237,
1238,
1239,
1240,
1241,
1242,
1243,
1244,
1245,
1246,
1247,
1248,
1249,
1250,
1251,
1252,
1253,
1254,
1255,
1256,
1257,
1258,
1259,
1260,
1261,
1262,
1263,
1264,
1265,
1266,
1267,
1268,
1269,
1270,
1271,
1272,
1273,
1274,
1275,
1276,
1277,
1278,
1279,
1280,
1281,
1282,
1283,
1284,
1285,
1286,
1287,
1288,
1289,
1290,
1291,
1292,
1293,
1294,
1295,
1296,
1297,
1298,
1299,
1300,
1301,
1302,
1303,
1304,
1305,
1306,
1307,
1308,
1309,
1310,
1311,
1312,
1313,
1314,
1315,
1316,
1317,
1318,
1319,
1320,
1321,
1322,
1323,
1324,
1325,
1326,
1327,
1328,
1329,
1330,
1331,
1332,
1333,
1334,
1335,
1336,
1337,
1338,
1339,
1340,
1341,
1342,
1343,
1344,
1345,
1346,
1347,
1348,
1349,
1350,
1351,
1352,
1353,
1354,
1355,
1356,
1357,
1358,
1359,
1360,
1361,
1362,
1363,
1364,
1365,
1366,
1367,
1368,
1369,
1370,
1371,
1372,
1373,
1374,
1375,
1376,
1377,
1378,
1379,
1380,
1381,
1382,
1383,
1384,
1385,
1386,
1387,
1388,
1389,
1390,
1391,
1392,
1393,
1394,
1395,
1396,
1397,
1398,Stay-at-home order extended for Southern California
1399,Meet others who love Cake Decorating
1400,"Pataskala nurse gets coronavirus twice, hopes vaccine prevents third"
1401,Ghislaine Maxwell: Jeffrey Epstein's former girlfriend denied bail
1402,Japan developing wooden satellites to cut space junk.
1403,New rules to tackle ‘wild west’ of plastic waste dumped on poorer countries
1404,"Homeless advocate group occupies 16 rooms in Fife motel, refusing to pay"
1405,Police observed no threats from Andre Hill before shooting
1406,Statue of slave kneeling before Lincoln is removed in Boston
1407,Officials: Truck plunges off bridge into Chesapeake Bay
1408,‘People are terrified’: a coronavirus surge across California’s prisons renews calls for releases
1409,Family says 24-year-old Cave Junction man was beat to death by friends
1410,'Highly suspicious' fire at Black church in Massachusetts being investigated as arson
1411,Alexei Navalny: Russian officials bring new fraud charges
1412,New Trump administration rule allows natural gas transport by rail in dense areas
1413,Extremely concerning surge in UK Covid cases
1414,Australian man and child saved after friends walk 12 hours for help
1415,Fired Tyson boss says COVID office pool was a 'morale boost'
1416,"Wall St slips from record levels, additional stimulus uncertain"
1417,China sentences lawyer who reported on outbreak to 4 years
1418,Virginia deputy fired over 'disturbing' posts on social media site Parler
1419,Russia gives Kremlin critic Navalny an ultimatum: Return immediately or face jail
1420,Russia Admits to ‘World’s Largest’ Arctic Oil Spill
1421,Moderna COVID-19 vaccine causes swelling and inflammation in patients who have cosmetic facial fillers
1422,Special Report-UAE emerges as hub for companies helping Venezuela avoid U.S. oil sanctions
1423,A bust of Breonna Taylor was damaged in an apparent act of vandalism
1424,"Pentagon sends 7,000 gallons of eggnog and 21,000 pounds of ham to U.S. troops around the world"
1425,Discuss Yoga with the Community!
1426,Ceiling fans sold at Home Depot recalled because blades may spin off
1427,First U.S. commercial Boeing 737 Max flight in nearly 2 years takes off
1428,"Russia and U.S. seize 330 kilos of cocaine in rare drug operation, Moscow says"
1429,2 women arrested after hosting 200-person party in New Jersey
1430,Carbios Produces First Clear Plastic Bottles from Recycled Textile Waste
1431,WHO report: Israel denies and delays nine times Gaza leukemia patient access to treatment abroad
1432,EU-China investment deal done
1433,JBLM colonel arrested on domestic violence charges
1434,Coronavirus: India confirms six cases of new Covid variant
1435,Underage drinking party leads to coronavirus outbreak in Warren County
1436,Walter Reed doctor who criticized Trump's hospital drive-by works last shift after being removed from schedule
1437,German nuns accused of enabling child sex abuse by priests
1438,Transgender people in China turning to grey market for hormones
1439,400 United Steelworkers on strike at Alabama aluminum plant
1440,"57,000-year-old mummified wolf puppy discovered in Canada gives peek into past"
1441,First U.S. troops vaccinated in South Korea as country reports record coronavirus deaths
1442,Researchers think 'hundreds' of people in US could have new UK coronavirus strain
1443,Lori Loughlin released from prison after 2-month sentence for college admissions scam
1444,'Surge on top of a surge' to challenge California hospitals
1445,Miss. bars won’t be serving booze at midnight on New Year’s Eve
1446,Union: Ohio officer fired in fatal shooting of Black man
1447,"New, more contagious variant of COVID-19 virus detected in British Columbia"
1448,"Azerbaijani Energy Ministry, ACWA Power company sign agreement on wind farm project"
1449,
1450,
1451,
1452,
1453,
1454,
1455,
1456,
1457,
1458,
1459,
1460,
1461,
1462,
1463,
1464,
1465,
1466,
1467,
1468,
1469,
1470,
1471,
1472,
1473,
1474,
1475,
1476,
1477,
1478,
1479,
1480,
1481,
1482,
1483,
1484,
1485,
1486,
1487,
1488,
1489,
1490,
1491,
1492,
1493,
1494,
1495,
1496,
1497,
1498,
1499,
1500,
1501,
1502,
1503,
1504,
1505,
1506,
1507,
1508,
1509,
1510,
1511,
1512,
1513,
1514,
1515,
1516,
1517,
1518,
1519,
1520,
1521,
1522,
1523,
1524,
1525,
1526,
1527,
1528,
1529,
1530,
1531,
1532,
1533,
1534,
1535,
1536,
1537,
1538,
1539,
1540,
1541,
1542,
1543,
1544,
1545,
1546,
1547,
1548,
1549,
1550,
1551,
1552,
1553,
1554,
1555,
1556,
1557,
1558,
1559,
1560,
1561,
1562,
1563,
1564,
1565,
1566,
1567,
1568,
1569,
1570,
1571,
1572,
1573,
1574,
1575,
1576,
1577,
1578,
1579,
1580,
1581,
1582,
1583,
1584,
1585,
1586,
1587,
1588,
1589,
1590,
1591,
1592,
1593,
1594,
1595,
1596,
1597,
1598,
1599,
1600,
1601,
1602,
1603,
1604,
1605,
1606,
1607,
1608,
1609,
1610,
1611,
1612,
1613,
1614,
1615,
1616,
1617,
1618,
1619,
1620,
1621,
1622,
1623,
1624,
1625,
1626,
1627,
1628,
1629,
1630,
1631,
1632,
1633,
1634,
1635,
1636,
1637,
1638,
1639,
1640,
1641,
1642,
1643,
1644,
1645,
1646,
1647,
1648,
1649,
1650,
1651,
1652,
1653,
1654,
1655,
1656,
1657,
1658,
1659,
1660,
1661,
1662,
1663,
1664,
1665,
1666,
1667,
1668,
1669,
1670,
1671,
1672,
1673,
1674,
1675,
1676,
1677,
1678,
1679,
1680,
1681,
1682,
1683,
1684,
1685,
1686,
1687,
1688,
1689,
1690,"Pentagon sends 7,000 gallons of eggnog and 21,000 pounds of ham to U.S. troops around the world"
1691,Discuss Yoga with the Community!
1692,Ceiling fans sold at Home Depot recalled because blades may spin off
1693,First U.S. commercial Boeing 737 Max flight in nearly 2 years takes off
1694,"Russia and U.S. seize 330 kilos of cocaine in rare drug operation, Moscow says"
1695,2 women arrested after hosting 200-person party in New Jersey
1696,Carbios Produces First Clear Plastic Bottles from Recycled Textile Waste
1697,WHO report: Israel denies and delays nine times Gaza leukemia patient access to treatment abroad
1698,EU-China investment deal done
1699,JBLM colonel arrested on domestic violence charges
1700,Coronavirus: India confirms six cases of new Covid variant
1701,Underage drinking party leads to coronavirus outbreak in Warren County
1702,Walter Reed doctor who criticized Trump's hospital drive-by works last shift after being removed from schedule
1703,German nuns accused of enabling child sex abuse by priests
1704,Transgender people in China turning to grey market for hormones
1705,400 United Steelworkers on strike at Alabama aluminum plant
1706,"57,000-year-old mummified wolf puppy discovered in Canada gives peek into past"
1707,First U.S. troops vaccinated in South Korea as country reports record coronavirus deaths
1708,Researchers think 'hundreds' of people in US could have new UK coronavirus strain
1709,Lori Loughlin released from prison after 2-month sentence for college admissions scam
1710,'Surge on top of a surge' to challenge California hospitals
1711,Miss. bars won’t be serving booze at midnight on New Year’s Eve
1712,Union: Ohio officer fired in fatal shooting of Black man
1713,"New, more contagious variant of COVID-19 virus detected in British Columbia"
1714,"Azerbaijani Energy Ministry, ACWA Power company sign agreement on wind farm project"
1715,Naperville teen fatally shot by officers in Joliet had a BB gun: police
1716,Meet others who love Raw Denim
1717,Markets rally amid relief over US stimulus bill and Brexit trade deal – business live
1718,Saudi court jails women's rights activist for more than five years
1719,Alibaba's $10-Billion Buyback Plan Fails To Halt Stock Slide
1720,Iranian women's group empowers amid pandemic by making masks
1721,Bomber to neighbor: The world is ‘never going to forget me’
1722,Josh Allen breaks Jim Kelly's Bills single-season record for TD passes
1723,Small Number of Covid Patients Develop Severe Psychotic Symptoms
1724,"New $160,000 drug for multiple myeloma blood cancer to be added to Australia's Pharmaceutical Benefits Scheme, at a cost of $480 to patients"
1725,Judge says New York State must compromise on COVID-19 restrictions on bars and restaurants
1726,U.S. to allow small drones to fly over people at night
1727,"Ashes Of Late James Doohan, Scotty From ‘Star Trek’, Were Smuggled Onto International Space Station"
1728,China orders Alibaba founder Jack Ma to break up fintech empire
1729,Trump signs coronavirus relief and government funding bill into law after lengthy delay
1730,Parents of dead 4-year-old Missouri girl now face charges
1731,"Longtime Anti-Nuclear Activists Face Prison, Again, After Breaking Into Naval Base"
1732,"Shelly Beach rescue: Fisherman saves kayaker, helicopter sent to scene"
1733,
1734,
1735,
1736,
1737,
1738,
1739,
1740,
1741,
1742,
1743,
1744,
1745,
1746,
1747,
1748,
1749,
1750,
1751,
1752,
1753,
1754,
1755,
1756,
1757,
1758,
1759,
1760,
1761,
1762,
1763,
1764,
1765,
1766,
1767,
1768,
1769,
1770,
1771,
1772,
1773,
1774,
1775,
1776,
1777,
1778,
1779,
1780,
1781,
1782,
1783,
1784,
1785,
1786,
1787,
1788,
1789,
1790,
1791,
1792,
1793,
1794,
1795,
1796,
1797,
1798,
1799,
1800,
1801,
1802,
1803,
1804,
1805,
1806,
1807,
1808,
1809,
1810,
1811,
1812,
1813,
1814,
1815,
1816,
1817,
1818,
1819,
1820,
1821,
1822,
1823,
1824,
1825,
1826,
1827,
1828,
1829,
1830,
1831,
1832,
1833,
1834,
1835,
1836,
1837,
1838,
1839,
1840,
1841,
1842,
1843,
1844,
1845,
1846,
1847,
1848,
1849,
1850,
1851,
1852,
1853,
1854,
1855,
1856,
1857,
1858,
1859,
1860,
1861,
1862,
1863,
1864,
1865,
1866,
1867,
1868,
1869,
1870,
1871,
1872,
1873,
1874,
1875,
1876,
1877,
1878,
1879,
1880,
1881,
1882,
1883,
1884,
1885,
1886,
1887,
1888,
1889,
1890,
1891,
1892,
1893,
1894,
1895,
1896,
1897,
1898,
1899,
1900,
1901,
1902,
1903,
1904,
1905,
1906,
1907,
1908,
1909,
1910,
1911,
1912,
1913,
1914,
1915,
1916,
1917,
1918,
1919,
1920,
1921,
1922,
1923,
1924,
1925,
1926,
1927,
1928,
1929,
1930,
1931,
1932,
1933,
1934,
1935,
1936,
1937,
1938,
1939,
1940,
1941,
1942,
1943,
1944,
1945,
1946,
1947,
1948,
1949,
1950,
1951,
1952,
1953,
1954,
1955,
1956,
1957,
1958,
1959,
1960,
1961,
1962,
1963,
1964,
1965,
1966,
1967,
1968,
1969,
1970,
1971,
1972,
1973,
1974,
1975,
1976,
1977,
1978,
1979,
1980,
1981,
1982,
1983,
1984,
1985,
1986,
1987,
1988,
1989,
1990,
1991,First U.S. troops vaccinated in South Korea as country reports record coronavirus deaths
1992,Researchers think 'hundreds' of people in US could have new UK coronavirus strain
1993,Lori Loughlin released from prison after 2-month sentence for college admissions scam
1994,'Surge on top of a surge' to challenge California hospitals
1995,Miss. bars won’t be serving booze at midnight on New Year’s Eve
1996,Union: Ohio officer fired in fatal shooting of Black man
1997,"New, more contagious variant of COVID-19 virus detected in British Columbia"
1998,"Azerbaijani Energy Ministry, ACWA Power company sign agreement on wind farm project"
1999,Naperville teen fatally shot by officers in Joliet had a BB gun: police
2000,Meet others who love Raw Denim
2001,Markets rally amid relief over US stimulus bill and Brexit trade deal – business live
2002,Saudi court jails women's rights activist for more than five years
2003,Alibaba's $10-Billion Buyback Plan Fails To Halt Stock Slide
2004,Iranian women's group empowers amid pandemic by making masks
2005,Bomber to neighbor: The world is ‘never going to forget me’
2006,Josh Allen breaks Jim Kelly's Bills single-season record for TD passes
2007,Small Number of Covid Patients Develop Severe Psychotic Symptoms
2008,"New $160,000 drug for multiple myeloma blood cancer to be added to Australia's Pharmaceutical Benefits Scheme, at a cost of $480 to patients"
2009,Judge says New York State must compromise on COVID-19 restrictions on bars and restaurants
2010,U.S. to allow small drones to fly over people at night
2011,"Ashes Of Late James Doohan, Scotty From ‘Star Trek’, Were Smuggled Onto International Space Station"
2012,China orders Alibaba founder Jack Ma to break up fintech empire
2013,Trump signs coronavirus relief and government funding bill into law after lengthy delay
2014,Parents of dead 4-year-old Missouri girl now face charges
2015,"Longtime Anti-Nuclear Activists Face Prison, Again, After Breaking Into Naval Base"
2016,"Shelly Beach rescue: Fisherman saves kayaker, helicopter sent to scene"
2017,
2018,
2019,
2020,
2021,
